FIRSTNAME,LASTNAME,MOBILE,EMAIL
Mike,luther,9337968797,asaxx@gmail.com
SuhruthR,IYG,9943147087,suhR@gmail.com
sourav,nagesh,8277704469,sourav@gmail.com
naruto,uzumaki,12394430454,naruto@gmail.com
kakshi ,hatake,8277704469,kakashi@gmail.com
Harshirama,Senju,1234567889,harshiram@gmail.com
Madara ,Uchiha,1238496789,madara@gmail.com
Mike,luther,9337968797,asaxx@gmail.com
SuhruthR,IYG,9943147087,suhR@gmail.com
sourav,nagesh,8277704469,sourav@gmail.com
naruto,uzumaki,12394430454,naruto@gmail.com
kakshi ,hatake,8277704469,kakashi@gmail.com
Harshirama,Senju,1234567889,harshiram@gmail.com
Madara ,Uchiha,1238496789,madara@gmail.com
Mike,luther,9337968797,Mike@gmail.com
SuhruthR,IYG,9943147087,suhR@gmail.com
sourav,nagesh,8277704469,sourav@gmail.com
naruto,uzumaki,12394430454,naruto@gmail.com
kakshi ,hatake,8277704469,kakashi@gmail.com
Harshirama,Senju,1234567889,harshiram@gmail.com
Madara ,Uchiha,1238496789,madara@gmail.com
Mike,luther,9337968797,Mike@gmail.com
SuhruthR,IYG,9943147087,suhR@gmail.com
sourav,nagesh,8277704469,sourav@gmail.com
naruto,uzumaki,12394430454,naruto@gmail.com
kakshi ,hatake,8277704469,kakashi@gmail.com
Harshirama,Senju,1234567889,harshiram@gmail.com
Madara ,Uchiha,1238496789,madara@gmail.com
Mike,luther,9337968797,Mike@gmail.com
SuhruthR,IYG,9943147087,suhR@gmail.com
sourav,nagesh,8277704469,sourav@gmail.com
naruto,uzumaki,12394430454,naruto@gmail.com
kakshi ,hatake,8277704469,kakashi@gmail.com
Harshirama,Senju,1234567889,harshiram@gmail.com
Madara ,Uchiha,1238496789,madara@gmail.com
Mike,luther,9337968797,Mike@gmail.com
SuhruthR,IYG,9943147087,suhR@gmail.com
sourav,nagesh,8277704469,sourav@gmail.com
naruto,uzumaki,12394430454,naruto@gmail.com
kakshi ,hatake,8277704469,kakashi@gmail.com
Harshirama,Senju,1234567889,harshiram@gmail.com
Madara ,Uchiha,1238496789,madara@gmail.com
Mike,luther,9337968797,Mike@gmail.com
SuhruthR,IYG,9943147087,suhR@gmail.com
sourav,nagesh,8277704469,sourav@gmail.com
naruto,uzumaki,12394430454,naruto@gmail.com
kakshi ,hatake,8277704469,kakashi@gmail.com
Harshirama,Senju,1234567889,harshiram@gmail.com
Madara ,Uchiha,1238496789,madara@gmail.com
Mike,luther,9337968797,Mike@gmail.com
SuhruthR,IYG,9943147087,suhR@gmail.com
sourav,nagesh,8277704469,sourav@gmail.com
naruto,uzumaki,12394430454,naruto@gmail.com
kakshi ,hatake,8277704469,kakashi@gmail.com
Harshirama,Senju,1234567889,harshiram@gmail.com
Madara ,Uchiha,1238496789,madara@gmail.com
Mike,luther,9337968797,Mike@gmail.com
SuhruthR,IYG,9943147087,suhR@gmail.com
sourav,nagesh,8277704469,sourav@gmail.com
naruto,uzumaki,12394430454,naruto@gmail.com
kakshi ,hatake,8277704469,kakashi@gmail.com
Harshirama,Senju,1234567889,harshiram@gmail.com
Madara ,Uchiha,1238496789,madara@gmail.com
Mike,luther,9337968797,Mike@gmail.com
SuhruthR,IYG,9943147087,suhR@gmail.com
sourav,nagesh,8277704469,sourav@gmail.com
naruto,uzumaki,12394430454,naruto@gmail.com
kakshi ,hatake,8277704469,kakashi@gmail.com
Harshirama,Senju,1234567889,harshiram@gmail.com
Madara ,Uchiha,1238496789,madara@gmail.com
Mike,luther,9337968797,Mike@gmail.com
SuhruthR,IYG,9943147087,suhR@gmail.com
sourav,nagesh,8277704469,sourav@gmail.com
naruto,uzumaki,12394430454,naruto@gmail.com
kakshi ,hatake,8277704469,kakashi@gmail.com
Harshirama,Senju,1234567889,harshiram@gmail.com
Madara ,Uchiha,1238496789,madara@gmail.com
Mike,luther,9337968797,Mike@gmail.com
SuhruthR,IYG,9943147087,suhR@gmail.com
sourav,nagesh,8277704469,sourav@gmail.com
naruto,uzumaki,12394430454,naruto@gmail.com
kakshi ,hatake,8277704469,kakashi@gmail.com
Harshirama,Senju,1234567889,harshiram@gmail.com
Madara ,Uchiha,1238496789,madara@gmail.com
Mike,luther,9337968797,Mike@gmail.com
SuhruthR,IYG,9943147087,suhR@gmail.com
sourav,nagesh,8277704469,sourav@gmail.com
naruto,uzumaki,12394430454,naruto@gmail.com
kakshi ,hatake,8277704469,kakashi@gmail.com
Harshirama,Senju,1234567889,harshiram@gmail.com
Madara ,Uchiha,1238496789,madara@gmail.com
Mike,luther,9337968797,Mike@gmail.com
SuhruthR,IYG,9943147087,suhR@gmail.com
sourav,nagesh,8277704469,sourav@gmail.com
naruto,uzumaki,12394430454,naruto@gmail.com
kakshi ,hatake,8277704469,kakashi@gmail.com
Harshirama,Senju,1234567889,harshiram@gmail.com
Madara ,Uchiha,1238496789,madara@gmail.com
Minato,Namikaze,9457682311,minato@gma.com
Mike,luther,9337968797,Mike@gmail.com
SuhruthR,IYG,9943147087,suhR@gmail.com
sourav,nagesh,8277704469,sourav@gmail.com
naruto,uzumaki,12394430454,naruto@gmail.com
kakshi ,hatake,8277704469,kakashi@gmail.com
Harshirama,Senju,1234567889,harshiram@gmail.com
Madara ,Uchiha,1238496789,madara@gmail.com
Minato,Namikaze,9457682311,minato@gma.com
Mike,luther,9337968797,Mike@gmail.com
SuhruthR,IYG,9943147087,suhR@gmail.com
sourav,nagesh,8277704469,sourav@gmail.com
naruto,uzumaki,12394430454,naruto@gmail.com
kakshi ,hatake,8277704469,kakashi@gmail.com
Harshirama,Senju,1234567889,harshiram@gmail.com
Madara ,Uchiha,1238496789,madara@gmail.com
Minato,Namikaze,9457682311,minatoNamikaze@gmail.com
Mike,luther,9337968797,Mike@gmail.com
SuhruthR,IYG,9943147087,suhR@gmail.com
sourav,nagesh,8277704469,sourav@gmail.com
naruto,uzumaki,12394430454,naruto@gmail.com
kakshi ,hatake,8277704469,kakashi@gmail.com
Harshirama,Senju,1234567889,harshiram@gmail.com
Madara ,Uchiha,1238496789,madara@gmail.com
Minato,Namikaze,9457682311,minatoNamikaze@gmail.com
Mike,luther,9337968797,Mike@gmail.com
SuhruthR,IYG,9943147087,suhR@gmail.com
sourav,nagesh,8277704469,sourav@gmail.com
naruto,uzumaki,12394430454,naruto@gmail.com
kakshi ,hatake,8277704469,kakashi@gmail.com
Harshirama,Senju,1234567889,harshiram@gmail.com
Madara ,Uchiha,9218496789,madara@gmail.com
Minato,Namikaze,9457682311,minatoNamikaze@gmail.com
Mike,luther,9337968797,Mike@gmail.com
SuhruthR,IYG,9943147087,suhR@gmail.com
sourav,nagesh,8277704469,sourav@gmail.com
naruto,uzumaki,12394430454,naruto@gmail.com
kakshi ,hatake,8277704469,kakashi@gmail.com
Harshirama,Senju,1234567889,harshiram@gmail.com
Madara ,Uchiha,9218496789,madara@gmail.com
Minato,Namikaze,9457682311,minatoNamikaze@gmail.com
Mike,luther,9337968797,Mike@gmail.com
SuhruthR,IYG,9943147087,suhR@gmail.com
sourav,nagesh,8277704469,sourav@gmail.com
naruto,uzumaki,7394430454,naruto@gmail.com
kakshi ,hatake,8277704469,kakashi@gmail.com
Harshirama,Senju,1234567889,harshiram@gmail.com
Madara ,Uchiha,9218496789,madara@gmail.com
Minato,Namikaze,9457682311,minatoNamikaze@gmail.com
Mike,luther,9337968797,Mike@gmail.com
SuhruthR,IYG,9943147087,suhR@gmail.com
sourav,nagesh,8277704469,sourav@gmail.com
naruto,uzumaki,7394430454,naruto@gmail.com
kakshi ,hatake,8277704469,kakashi@gmail.com
Harshirama,Senju,1234567889,harshiram@gmail.com
Madara ,Uchiha,9218496789,madara@gmail.com
Minato,Namikaze,9457682311,minatoNamikaze@gmail.com
Sourav,Nagesh,8277704469,souravn200117@gmail.com
Mike,luther,9337968797,Mike@gmail.com
SuhruthR,IYG,9943147087,suhR@gmail.com
sourav,nagesh,8277704469,sourav@gmail.com
naruto,uzumaki,7394430454,naruto@gmail.com
kakshi ,hatake,8277704469,kakashi@gmail.com
Harshirama,Senju,1234567889,harshiram@gmail.com
Madara ,Uchiha,9218496789,madara@gmail.com
Minato,Namikaze,9457682311,minatoNamikaze@gmail.com
Mike,luther,9337968797,Mike@gmail.com
SuhruthR,IYG,9943147087,suhR@gmail.com
sourav,nagesh,8277704469,sourav@gmail.com
naruto,uzumaki,7394430454,naruto@gmail.com
kakshi ,hatake,8277704469,kakashi@gmail.com
Harshirama,Senju,1234567889,harshiram@gmail.com
Madara ,Uchiha,9218496789,madara@gmail.com
Minato,Namikaze,9457682311,minatoNamikaze@gmail.com
Sourav,Nagesh,8277704469,souravn200117@gmail.com
Mike,luther,9337968797,Mike@gmail.com
SuhruthR,IYG,9943147087,suhR@gmail.com
sourav,nagesh,8277704469,sourav@gmail.com
naruto,uzumaki,7394430454,naruto@gmail.com
kakshi ,hatake,8277704469,kakashi@gmail.com
Harshirama,Senju,1234567889,harshiram@gmail.com
Madara ,Uchiha,9218496789,madara@gmail.com
Minato,Namikaze,9457682311,minatoNamikaze@gmail.com
Mike,luther,9337968797,Mike@gmail.com
SuhruthR,IYG,9943147087,suhR@gmail.com
sourav,nagesh,8277704469,sourav@gmail.com
naruto,uzumaki,7394430454,naruto@gmail.com
kakshi ,hatake,8277704469,kakashi@gmail.com
Harshirama,Senju,1234567889,harshiram@gmail.com
Madara ,Uchiha,9218496789,madara@gmail.com
Minato,Namikaze,9457682311,minatoNamikaze@gmail.com
Mike,luther,9337968797,Mike@gmail.com
SuhruthR,IYG,9943147087,suhR@gmail.com
sourav,nagesh,8277704469,sourav@gmail.com
naruto,uzumaki,7394430454,naruto@gmail.com
kakshi ,hatake,8277704469,kakashi@gmail.com
Harshirama,Senju,1234567889,harshiram@gmail.com
Madara ,Uchiha,9218496789,madara@gmail.com
Minato,Namikaze,9457682311,minatoNamikaze@gmail.com
Mike,luther,9337968797,Mike@gmail.com
SuhruthR,IYG,9943147087,suhR@gmail.com
sourav,nagesh,8277704469,sourav@gmail.com
naruto,uzumaki,7394430454,naruto@gmail.com
kakshi ,hatake,8277704469,kakashi@gmail.com
Harshirama,Senju,1234567889,harshiram@gmail.com
Madara ,Uchiha,9218496789,madara@gmail.com
Minato,Namikaze,9457682311,minatoNamikaze@gmail.com
Mike,luther,9337968797,Mike@gmail.com
SuhruthR,IYG,9943147087,suhR@gmail.com
sourav,nagesh,8277704469,sourav@gmail.com
naruto,uzumaki,7394430454,naruto@gmail.com
kakshi ,hatake,8277704469,kakashi@gmail.com
Harshirama,Senju,1234567889,harshiram@gmail.com
Madara ,Uchiha,9218496789,madara@gmail.com
Minato,Namikaze,9457682311,minatoNamikaze@gmail.com
Mike,luther,9337968797,Mike@gmail.com
SuhruthR,IYG,9943147087,suhR@gmail.com
sourav,nagesh,8277704469,sourav@gmail.com
naruto,uzumaki,7394430454,naruto@gmail.com
kakshi ,hatake,8277704469,kakashi@gmail.com
Harshirama,Senju,1234567889,harshiram@gmail.com
Madara ,Uchiha,9218496789,madara@gmail.com
Minato,Namikaze,9457682311,minatoNamikaze@gmail.com
Mike,luther,9337968797,Mike@gmail.com
SuhruthR,IYG,9943147087,suhR@gmail.com
sourav,nagesh,8277704469,sourav@gmail.com
naruto,uzumaki,7394430454,naruto@gmail.com
kakshi ,hatake,8277704469,kakashi@gmail.com
Harshirama,Senju,1234567889,harshiram@gmail.com
Madara ,Uchiha,9218496789,madara@gmail.com
Minato,Namikaze,9457682311,minatoNamikaze@gmail.com
Mike,luther,9337968797,Mike@gmail.com
SuhruthR,IYG,9943147087,suhR@gmail.com
sourav,nagesh,8277704469,sourav@gmail.com
naruto,uzumaki,7394430454,naruto@gmail.com
kakshi ,hatake,8277704469,kakashi@gmail.com
Harshirama,Senju,1234567889,harshiram@gmail.com
Madara ,Uchiha,9218496789,madara@gmail.com
Minato,Namikaze,9457682311,minatoNamikaze@gmail.com
myself,sad,234453234234,sew@gmail.com
Mike,luther,9337968797,Mike@gmail.com
SuhruthR,IYG,9943147087,suhR@gmail.com
sourav,nagesh,8277704469,sourav@gmail.com
naruto,uzumaki,7394430454,naruto@gmail.com
kakshi ,hatake,8277704469,kakashi@gmail.com
Harshirama,Senju,1234567889,harshiram@gmail.com
Madara ,Uchiha,9218496789,madara@gmail.com
Minato,Namikaze,9457682311,minatoNamikaze@gmail.com
myself,sad,234453234234,sew@gmail.com
Mike,luther,9337968797,Mike@gmail.com
SuhruthR,IYG,9943147087,suhR@gmail.com
sourav,nagesh,8277704469,sourav@gmail.com
naruto,uzumaki,7394430454,naruto@gmail.com
kakshi ,hatake,8277704469,kakashi@gmail.com
Harshirama,Senju,1234567889,harshiram@gmail.com
Madara ,Uchiha,9218496789,madara@gmail.com
Minato,Namikaze,9457682311,minatoNamikaze@gmail.com
myself,sad,234453234234,sew@gmail.com
Mike,luther,9337968797,Mike@gmail.com
SuhruthR,IYG,9943147087,suhR@gmail.com
sourav,nagesh,8277704469,sourav@gmail.com
naruto,uzumaki,7394430454,naruto@gmail.com
kakshi ,hatake,8277704469,kakashi@gmail.com
Harshirama,Senju,1234567889,harshiram@gmail.com
Madara ,Uchiha,9218496789,madara@gmail.com
Minato,Namikaze,9457682311,minatoNamikaze@gmail.com
myself,sad,234453234234,sew@gmail.com
Mike,luther,9337968797,Mike@gmail.com
SuhruthR,IYG,9943147087,suhR@gmail.com
sourav,nagesh,8277704469,sourav@gmail.com
naruto,uzumaki,7394430454,naruto@gmail.com
kakshi ,hatake,8277704469,kakashi@gmail.com
Harshirama,Senju,1234567889,harshiram@gmail.com
Madara ,Uchiha,9218496789,madara@gmail.com
Minato,Namikaze,9457682311,minatoNamikaze@gmail.com
myself,sad,234453234234,sew@gmail.com
Mike,luther,9337968797,Mike@gmail.com
SuhruthR,IYG,9943147087,suhR@gmail.com
sourav,nagesh,8277704469,sourav@gmail.com
naruto,uzumaki,7394430454,naruto@gmail.com
kakshi ,hatake,8277704469,kakashi@gmail.com
Harshirama,Senju,1234567889,harshiram@gmail.com
Madara ,Uchiha,9218496789,madara@gmail.com
Minato,Namikaze,9457682311,minatoNamikaze@gmail.com
myself,sad,234453234234,sew@gmail.com
Mike,luther,9337968797,Mike@gmail.com
SuhruthR,IYG,9943147087,suhR@gmail.com
sourav,nagesh,8277704469,sourav@gmail.com
naruto,uzumaki,7394430454,naruto@gmail.com
kakshi ,hatake,8277704469,kakashi@gmail.com
Harshirama,Senju,1234567889,harshiram@gmail.com
Madara ,Uchiha,9218496789,madara@gmail.com
Minato,Namikaze,9457682311,minatoNamikaze@gmail.com
myself,sad,234453234234,sew@gmail.com
Mike,luther,9337968797,Mike@gmail.com
SuhruthR,IYG,9943147087,suhR@gmail.com
sourav,nagesh,8277704469,sourav@gmail.com
naruto,uzumaki,7394430454,naruto@gmail.com
kakshi ,hatake,8277704469,kakashi@gmail.com
Harshirama,Senju,1234567889,harshiram@gmail.com
Madara ,Uchiha,9218496789,madara@gmail.com
Minato,Namikaze,9457682311,minatoNamikaze@gmail.com
myself,sad,234453234234,sew@gmail.com
Mike,luther,9337968797,Mike@gmail.com
SuhruthR,IYG,9943147087,suhR@gmail.com
sourav,nagesh,8277704469,sourav@gmail.com
naruto,uzumaki,7394430454,naruto@gmail.com
kakshi ,hatake,8277704469,kakashi@gmail.com
Harshirama,Senju,1234567889,harshiram@gmail.com
Madara ,Uchiha,9218496789,madara@gmail.com
Minato,Namikaze,9457682311,minatoNamikaze@gmail.com
myself,sad,234453234234,sew@gmail.com
Mike,luther,9337968797,Mike@gmail.com
SuhruthR,IYG,9943147087,suhR@gmail.com
sourav,nagesh,8277704469,sourav@gmail.com
naruto,uzumaki,7394430454,naruto@gmail.com
kakshi ,hatake,8277704469,kakashi@gmail.com
Harshirama,Senju,1234567889,harshiram@gmail.com
Madara ,Uchiha,9218496789,madara@gmail.com
Minato,Namikaze,9457682311,minatoNamikaze@gmail.com
myself,sad,234453234234,sew@gmail.com
Mike,luther,9337968797,Mike@gmail.com
SuhruthR,IYG,9943147087,suhR@gmail.com
sourav,nagesh,8277704469,sourav@gmail.com
naruto,uzumaki,7394430454,naruto@gmail.com
kakshi ,hatake,8277704469,kakashi@gmail.com
Harshirama,Senju,1234567889,harshiram@gmail.com
Madara ,Uchiha,9218496789,madara@gmail.com
Minato,Namikaze,9457682311,minatoNamikaze@gmail.com
myself,sad,234453234234,sew@gmail.com
Mike,luther,9337968797,Mike@gmail.com
SuhruthR,IYG,9943147087,suhR@gmail.com
sourav,nagesh,8277704469,sourav@gmail.com
naruto,uzumaki,7394430454,naruto@gmail.com
kakshi ,hatake,8277704469,kakashi@gmail.com
Harshirama,Senju,1234567889,harshiram@gmail.com
Madara ,Uchiha,9218496789,madara@gmail.com
Minato,Namikaze,9457682311,minatoNamikaze@gmail.com
myself,maddubsdk,234453234234,sew@gmail.com
Mike,luther,9337968797,Mike@gmail.com
SuhruthR,IYG,9943147087,suhR@gmail.com
sourav,nagesh,8277704469,sourav@gmail.com
naruto,uzumaki,7394430454,naruto@gmail.com
kakshi ,hatake,8277704469,kakashi@gmail.com
Harshirama,Senju,1234567889,harshiram@gmail.com
Madara ,Uchiha,9218496789,madara@gmail.com
Minato,Namikaze,9457682311,minatoNamikaze@gmail.com
Mike,luther,9337968797,Mike@gmail.com
SuhruthR,IYG,9943147087,suhR@gmail.com
sourav,nagesh,8277704469,sourav@gmail.com
naruto,uzumaki,7394430454,naruto@gmail.com
kakshi ,hatake,8277704469,kakashi@gmail.com
Harshirama,Senju,1234567889,harshiram@gmail.com
Madara ,Uchiha,9218496789,madara@gmail.com
Minato,Namikaze,9457682311,minatoNamikaze@gmail.com
